{
    "name": "ESPUI", 
    "repository": {
        "url": "https://github.com/s00500/ESPUI.git", 
        "type": "git"
    }, 
    "platforms": [
        "atmelavr", 
        "atmelmegaavr", 
        "atmelsam", 
        "espressif32", 
        "espressif8266", 
        "gd32v", 
        "infineonxmc", 
        "intel_arc32", 
        "kendryte210", 
        "microchippic32", 
        "nordicnrf51", 
        "nordicnrf52", 
        "ststm32", 
        "ststm8", 
        "teensy", 
        "timsp430"
    ], 
    "frameworks": [
        "arduino"
    ], 
    "dependencies": [
        {
            "frameworks": "arduino", 
            "name": "ESP Async WebServer", 
            "authors": "Hristo Gochkov"
        }, 
        {
            "frameworks": "arduino", 
            "name": "ArduinoJson", 
            "authors": "Benoit Blanchon"
        }
    ], 
    "version": "2.0.0", 
    "authors": [
        {
            "maintainer": true, 
            "name": "Lukas Bachschwell", 
            "url": "https://lbsfilm.at", 
            "email": "lukas@lbsfilm.at"
        }
    ], 
    "keywords": [
        "espressif", 
        "web", 
        "interface", 
        "iot", 
        "control", 
        "simple", 
        "easy", 
        "ui", 
        "userinterface"
    ], 
    "id": 1917, 
    "description": "ESP32 and ESP8266 Web Interface Library"
}