{
    "description": "A library for writing modern Websockets applications with Arduino.", 
    "repository": {
        "url": "https://github.com/gilmaimon/ArduinoWebsockets", 
        "type": "git"
    }, 
    "platforms": [], 
    "export": {
        "exclude": [
            "extras", 
            "docs", 
            "tests", 
            "test", 
            "*.doxyfile", 
            "*.pdf"
        ], 
        "include": null
    }, 
    "authors": [
        {
            "maintainer": true, 
            "name": "Gil Maimon", 
            "url": null, 
            "email": "mail.gilmaimon@gmail.com"
        }
    ], 
    "keywords": [
        "communication"
    ], 
    "id": 6149, 
    "name": "ArduinoWebsockets", 
    "frameworks": [
        "arduino"
    ], 
    "version": "0.4.17", 
    "homepage": null
}